Name,Prereqs,Black,Gray,White,Yellow,Red,Purple,Blue,Green,Brown,ref
Accelerate Time,20,1,,,,,,1,,,M86
Accuracy,15,,,1,1,,,,,,M65
Acid Ball,8,,,,1,,,,1,,M191
Acid Jet,10,,,,1,,,,1,,M192
Adjustable Clothing,14,,,1,1,,,,,,M58
Affect Spirits,4,1,,1,,,,,1,,M151
Age,6,1,,1,,,,,,,M154
Agonize,5,,,,1,1,,,,,M40
Air Jet,3,,,1,,,,1,,,M24
Air Vision,3,,,1,,,,1,,,M24
Air Vortex,5,,,,1,,,1,,,M26
Alarm,1,,,1,,1,,1,,,M100
Alertness,2,,,1,,,,1,,,M133
Alter Body,10,,,,1,1,,,,,M41
Alter Terrain,11,,,1,,,,,1,1,M55
Alter Visage,9,,,,1,1,,,,,M41
Alter Voice,8,1,,,,1,,,,,M41
Ambidexterity,4,,,1,1,1,,,,,M39
Analyze Magic,3,,,1,,1,,,,,M102
Ancient History,5,,,1,,1,,,,,M106
Animal Control (@Animal@),1,,,,1,,,,1,,M30
Animal Control (Bird),1,,,,1,,,,1,,M30
Animal Control (Fish),1,,,,1,,,,1,,M30
Animal Control (Mammal),1,,,,1,,,,1,,M30
Animal Control (Reptile),1,,,,1,,,,1,,M30
Animal Control (Vermin),1,,,,1,,,,1,,M30
Animate Machine,15,,,,,,,,,,M177
Animate Object,6,,,,,,1,1,,,M117
Animate Plant,7,,,,1,,,,1,,M164
Animate Shadow,9,1,,,,,,,1,,M154
Animation,2,1,,1,,,,,,,M150
Apportation,0,,,,1,,,1,,,M142
Arboreal Immurement,7,,,,,,,,1,,M165
Armor,1,,,1,,,,,1,,M167
Astral Block,16,1,,1,,,,,,,M159
Astral Vision,6,1,,1,,1,,,,,M105
Atmosphere Dome,9,,,1,,,,1,,,M169
Attune,12,,,1,1,,,,,,M69
Aura,1,,,1,,1,,,,,M101
Avoid,4,1,,1,,,,1,,,M140
Awaken,2,,1,1,,,,,1,,M90
Awaken Computer,10,,,,,,,,,,M178
Awaken Craft Spirit,3,,,,,,,,,,M115
Balance,4,,,,1,1,,,,,M39
Ball of Lightning,8,,,1,,,,1,,,M197
Bane,11,,,1,1,,,,,,M62
Banish,10,1,,1,,,,,,,M156
Beacon,5,1,,,1,,,1,,,M83
Beast Link,2,,,,1,,,,1,,M30
Beast Possession,4,,1,,,,,,1,,M32
Beast-Rouser,0,,,,1,,,,1,,M30
Beast Soother,0,,,1,1,,,,1,,M29
Beast Speech,2,,,1,1,,,,1,,M31
Beast Summoning,1,,,,1,,,,1,,M30
Beast Seeker,3,,,,1,,,,1,,M32
Berserker,2,1,,,,,,1,,,M134
Bind Spirit (@Spirit@),12,1,,,,,,,,,M158
Blackout,3,1,,,,,,,,,M112
Bladeturning,1,,,1,,,,,1,,M168
Blank Spell Arrow,18,,,1,1,,,,,,M66
Bless,20,,1,1,,,,,1,,M129
Bless Plants,3,,,,1,,,,1,1,M161
Blight,4,1,,,,1,,,1,,M162
Blink,5,1,,,1,,,1,,,M148
Blink Other,6,1,,,1,,,1,,,M148
Block,0,,,1,,,,,,,M166
Blossom,4,,,,1,,,,1,,M162
Blur,3,1,,1,,,,,,,M113
Body of Air,3,,,1,,,,1,,,M24
Body of Flames,8,,,,1,1,,,,,M76
Body of Ice,6,,,1,,,,,,,M189
Body of Lightning,7,,,1,,,,1,,,M198
Body of Metal,3,,,,,,,,,,M183
Body of Plastic,4,,,,,,,,,,M183
Body of Shadow,4,1,,,,,,,,,M114
Body of Slime,11,,,,1,,,,1,,M165
Body of Stone,6,1,,,,,,,1,1,M54
Body of Water,4,,,,,,,1,,,M185
Body of Wind,10,,,,1,,,1,,,M27
Body of Wood,7,,,,,,,,1,1,M165
Body-Reading,1,,,1,,,,,1,,M88
Boil Water,8,,,,,1,,1,,,M189
Boost Dexterity,4,,,1,1,1,,,,,M37
Boost Health,3,,,,1,1,,,1,,M37
Boost Intelligence,7,,,,1,1,,1,,,M37
Boost Strength,1,1,,,1,1,,,,,M37
Borrow Language,4,,,1,,,,,1,,M46
Borrow Skill,6,,,1,,,,,1,,M47
Bravery,1,,,1,,,,1,,,M134
Breathe Air,6,,,,,,,1,1,,M26
Breathe Fire,7,,,,1,1,,,,,M76
Breathe Radiation,9,,,,,,1,,,,M182
Breathe Steam,14,1,,,,,,1,,,M192
Breathe Water,6,,,1,,,,1,1,,M189
Bright Vision,1,1,,1,,,,,,,M111
Burning Death,10,,,,,1,,,,,M76
Burning Touch,6,,,,1,1,,,,,M76
Cadence,5,,,,1,1,,,,,M39
Catch Missile,2,,,1,,,,,1,,M168
Catch Spell,4,1,1,1,1,1,1,1,1,1,M123
Charge Powerstone,12,,,,,,1,,,,M126
Charm,8,1,,,,,,1,,,M139
Choke,5,1,,,1,1,,,,,M40
Clean,2,,,1,,,,,,1,M116
Cleansing,12,,,,,,,,,1,M94
Climbing,0,,,,1,1,,,,,M35
Cloud-Vaulting,12,,,,,,,1,,,M148
Cloud-Walking,9,,,,,,,1,,,M148
Clouds,4,,,1,,,,1,,,M194
Clumsiness,2,,,,1,1,,,,,M36
Cold,4,,,1,,,,1,,,M74
Colors,1,1,1,1,,,,,,,M110
Command,2,1,,,,,,1,,,M136
Command Spirit (@spirit@),5,1,,,,1,,,,,M153
Communication,9,,,1,,,,,1,,M48
Compel Lie,4,1,,,,1,,,,,M137
Compel Truth,3,,,1,,,,,1,,M47
Complex Illusion,2,,,,,1,,,1,,M96
Conceal,4,,,,,,,,1,1,M162
Conceal Magic,1,1,1,1,1,1,1,1,1,1,M122
Concussion,5,1,,,,1,,1,,,M26
Condense Steam,5,,,,,,,1,,,M189
Conduct Power,1,,,,,,,,,,M180
Continual Light,1,,,1,,,,,,,M110
Continual Mage Light,5,,,1,,,,,,,M113
Continual Sunlight,5,,,1,,,,,,,M114
Contract Object,15,,,,,,,,,,M120
Control Creation,10,,,,,,,,,,M99
Control Air Elemental,9,,,1,,,,1,,,M28
Control Water Elemental,9,,,,,,,1,,,M28
Control Fire Elemental,9,,,,,1,,,,,M28
Control Earth Elemental,9,,,,,,,,1,1,M28
Control Gate,12,1,,,,,,1,,,M85
Control Illusion,4,,,,,1,,,1,,M97
Control Limb,5,,,,1,1,,,,,M40
Control Person,5,,,1,,,,,1,,M49
Control Zombie,5,1,,,,1,,,,,M152
Converse,4,1,,,,1,,,,,M173
Cook,3,,,,,1,,,,1,M78
Cool,9,,,1,,,,1,,,M195
Coolness,5,,,1,,,,1,1,,M187
Copy,5,,,1,,1,,,,,M116
Cornucopia,13,,,,,,,,,,M64
Corpulence,16,,,,1,1,,,,1,M43
Counterspell,0,1,1,1,1,1,1,1,1,1,M121
Create Air Elemental,10,,,,,,,1,,1,M28
Create Acid,7,,,,1,,,,1,,M190
Create Air,1,,,,,,,,,1,M23
Create Animal,12,,,,,,1,,,,M98
Create Door,10,1,,,,,,1,,,M84
Create Earth,3,,,,,,,,,,M51
Create Earth Elemental,10,,,,,,,,1,1,M28
Create Fire,1,,,,1,1,,,,,M72
Create Fire Elemental,10,,,,1,1,,,,,M28
Create Food,5,,,,,,,,,,M79
Create Fuel,5,,,,,,,,,,M179
Create Gate,14,1,,,,,,1,,,M85
Create Ice,5,,,1,,,,,,,M188
Create Mount,13,,,,,,,,,,M99
Create Object,8,,,,,,,,,,M98
Create Plants,4,,,,,,,,-1,-1,M163
Create Servant,9,,,,,-1,,,-1,,M98
Create Spring,8,,,,,,,-1,,,M190
Create Steam,9,,,,,-1,,-1,,,M190
Create Warrior,10,,,,,-1,,,-1,,M98
Create Water,2,,,,,,,-1,,,M184
Create Water Elemental,10,,,,,,,1,,,M28
Crystal Ball,13,,1,1,1,,,,,,M71
Cure Disease,5,,,-1,,,,,-1,-1,M91
Cure Radiation,12,,,-1,,,-1,,,,M182
Current,6,,,,,,,1,,,M194
Curse,20,1,1,1,,,,,,,M129
Dancing Object,1,,,,1,,,1,1,,M144
Dancing Shield,12,,,1,1,,,,,,M67
Dancing Weapon,12,,,1,1,,,,,,M63
Dark Vision,2,1,,,,1,,,,,M111
Darkness,2,1,,,,,,,,,M111
Daze,1,1,,,,,,1,,,M134
Death Vision,0,1,1,,,,,,,,M149
Deathtouch,7,,,,,1,,,,,M41
Debility,0,,1,,1,,,,,1,M36
Decapitation,11,,,,1,1,,,,,M42
Decay,1,1,1,,,,,,,,M77
Defending Shield,14,,,1,1,,,,,,M67
Defending Weapon,12,,,1,1,,,,,,M64
Deflect,11,,,1,1,,,,,,M67
Deflect Energy,2,,,,1,1,,,,,M73
Deflect Missile,1,,,1,1,,,,1,,M143
Dehydrate,5,1,,,1,1,,,,,M188
Delay,15,1,1,1,1,1,1,1,1,1,M130
Delayed Message,3,1,,,,1,,,,,M173
Destroy Air,2,,,,,,,1,,,M24
Destroy Water,3,,,,1,,,1,,,M185
Detect Magic,0,,,1,,1,,,,,M101
Detect Poison,1,,,1,,,,,1,1,M166
Devitalize Air,3,,,,1,,,1,,,M25
Disintegrate,17,1,,,1,1,,,,,M120
Disorient,1,1,,,,,,1,,,M135
Dispel Creation,11,,,,,1,,,1,,M99
Dispel Illusion,5,,,1,,1,,,1,,M97
Dispel Magic,13,1,1,1,1,1,1,1,1,1,M126
Dispel Possession,5,,,1,,,,,1,,M49
Displace Spell,10,1,1,1,1,1,1,1,1,1,M124
Distant Blow,1,,,,1,,,1,,,M144
Distill,7,,,,1,1,,,,,M79
Divert Teleport,6,1,,,,,,1,,,M84
Divination: Astrology,1,,1,1,,1,,,,,M108
Divination: Cartomancy,4,,1,,,,,,,,M108
Divination: Crystal-Gazing,1,1,1,,,,,,,,M108
Divination: Extispicy,4,,,,,,,,1,,M108
Divination: Oneiromancy,4,,,1,,1,,,,,M109
Divination: Pyromancy,4,,,,,1,,,,,M109
Doppelganger,29,,,,1,,,,,,M62
Drain Magery,21,1,,,,,,,,,M130
Drain Mana,14,1,1,1,1,1,1,1,1,1,M127
Draw Power,22,,,,,,1,,,,M180
Dream Projection,4,,,1,,,,1,1,,M46
Dream Sending,3,,,1,,,,1,1,,M45
Dream Viewing,3,,,1,,,,,1,,M45
Drunkenness,4,1,,,,,,1,,,M136
Dry Spring,6,1,,,,,,,,,M188
Dull @Sense@,0,1,,,,,,1,,,M133
Dull Hearing,0,1,,,,,,1,,,M133
Dull Touch,0,1,,,,,,1,,,M133
Dull Taste and Smell,0,1,,,,,,1,,,M133
Dull Vision,0,1,,,,,,1,,,M133
Dullness,2,1,,,,,,1,,,M134
Duplicate,15,,,,,-1,,,-1,,M98
Dye,4,,,,,1,,,1,,M116
Earth to Air,4,,,,,,,1,1,,M25
Earth to Stone,2,1,,,,,,,1,1,M51
Earth to Water,5,1,,,,,,,1,1,M52
Earth Vision,2,,,1,,,,,1,1,M51
Earthquake,6,1,,,,,,,1,1,M54
Echoes of the Past,7,,,1,,1,,,,,M107
Ecstasy,4,1,,,,,,1,,,M139
Effigy,13,,,1,1,,,,,,M71
Emotion Control,3,1,,,,,,1,,,M137
Enchant,10,1,1,1,1,1,1,1,1,1,M56
Encrypt,2,,,,,1,,1,1,,M135
Enlarge,11,,,,1,1,,,,,M42
Enlarge Object,16,,,,,1,,,1,,M120
Enlarge Other,12,,,,1,1,,,,,M43
Enslave,14,1,,,,,,1,,,M141
Ensorcel,12,1,1,1,,,,,,,M60
Enthrall,6,,,,,,,1,,,M139
Entombment,5,1,,,,,,,1,1,M53
Entrap Spirit,11,1,,,,1,,,,,M157
Essential Acid,13,,,,1,,,,,,M192
Essential Air,6,,,1,,,,1,,,M26
Essential Earth,6,,,,,,,,1,1,M53
Essential Flame,6,,,,1,1,,,,,M75
Essential Food,8,,,,,,,,1,1,M79
Essential Fuel,6,,,,,,1,,,,M179
Essential Water,6,,,,,,,1,,,M189
Essential Wood,6,,,,,,,,1,1,M164
Ethereal Body,4,,,,1,,,1,,,M146
Evisceration,6,1,,,,,,,,,M154
Exchange Bodies,17,,,,,,,,,,M49
Explode,8,,,,,,,,,,M118
Explosive Fireball,4,,,,,1,,,,,M75
Explosive Lightning,7,,,,,,,1,,,M196
Extend Object,15,,,,,1,,,1,,M120
Extinguish Fire,1,,,,,,,1,,,M72
Extinguish Radiation,8,,,,,,1,,,,M181
False Aura,3,,,,,1,,,1,,M122
False Memory,7,1,,,,,,1,,,M139
False Tracks,5,,,,1,,,,1,1,M163
Far-Feeling,0,,,1,,1,,,,,M100
Far-Hearing,4,1,,1,,1,,,,,M173
Far-Tasting,1,,,1,,1,,,,1,M77
Fascinate,2,1,,,,,,1,,,M135
Fast Fire,3,,,,,1,,,,,M73
Fasten,10,,,,1,,,1,,,M118
Fear,0,1,1,,,,,,,,M134
Final Rest,0,,1,1,,,,,,1,M89
Find Direction,0,,,1,,1,,,,,M101
Find Weakness,4,,,,,1,,,,,M116
Fire Cloud,7,,,,1,1,,,,,M75
Fireball,3,,,,1,1,,,,,M74
Fireproof,2,,,1,,,,1,,,M73
Flame Jet,3,,,,1,1,,,,,M73
Flaming Armor,7,,,,1,1,,,,,M75
Flaming Missiles,5,,,,1,1,,,,,M75
Flaming Weapon,4,,,1,1,1,,,,,M75
Flash,2,,,1,1,,,,,,M112
Flesh to Ice,8,,,1,,,,,,,M190
Flesh to Stone,3,1,,,,,,,,,M51
Flight,2,,,,-1,,,-1,,,M145
Flying Carpet,3,,,,1,,1,1,,,M146
Fog,4,,1,,,,,1,1,,M193
Fool's Banquet,5,,,,,1,,,1,1,M79
Foolishness,0,1,,,,,,1,,,M134
Force Dome,10,,,1,,,1,,,,M170
Force Wall,11,,,1,,,1,,,,M170
Forest Warning,4,,1,,,,,,1,1,M162
Forgetfulness,1,1,,,,,,1,,,M135
Fortify,11,,,1,1,,,,,,M66
Foul Water,4,1,1,,,,,,,,M185
Frailty,1,1,1,,,1,,,,,M37
Freedom,9,,,1,1,,,1,,,M148
Freeze,4,,,1,,,,,,,M185
Frost,3,,1,1,,,,,1,,M193
Frostbite,6,,1,1,,,,,1,,M189
Fumble,3,,,,1,1,,,,,M38
Garble,2,1,,,,1,,,,,M172
Gauntness,15,1,1,,1,,,,,,M43
Geyser,9,,,,,,,-1,,,M190
Ghost Weapon,14,,,1,1,,,,,,M65
Gift of Letters,5,,,1,,,,,1,,M46
Gift of Tongues,5,,,1,,,,,1,,M46
Glass Wall,3,,,1,,1,,,,,M103
Glib Tongue,6,1,1,,,,,1,,,M141
Glitch,12,1,,,1,,,,,,M176
Gloom,2,1,1,,,,,,,,M112
Glow,2,,1,1,,,,,,,M112
Glue,1,,,,1,,,1,,,M142
Golem,14,,,1,1,,,,,,M59
Grace,3,,,,1,1,,,,,M37
Graceful Weapon,11,,,,1,,,,,,M63
Great Geas,15,1,1,,,,,1,,,M141
Grease,1,,,,1,,,1,,,M142
Great Hallucination,8,1,,,,,,1,,,M141
Great Haste,1,,,,1,,,1,,,M146
Great Healing,4,,,-1,,,,,,-1,M91
Great Shapeshift,15,,,,,,1,,1,-1,M34
Great Voice,3,1,,,,1,,,,,M173
Great Ward,1,,,1,,,,1,1,,M122
Great Wish,18,,,1,1,,,,,,M62
Hail,8,,,1,,,,1,,,M195
Hair Growth,5,,1,1,,,,,,,M39
Haircut,8,,1,,1,1,,,,,M39
Hallucination,7,1,,,,,,1,,,M140
Halt Aging,8,,,1,,1,,,,1,M94
Hang Spell,16,,,,,,1,,,,M128
Hardiness,1,,,1,,,,,1,,M167
Haste,0,,,,1,,,1,,,M142
Hawk Flight,3,,,,1,,1,1,,,M146
Hawk Vision,1,,,1,,,,,1,,M111
Heal Plant,2,,1,,,,,,1,1,M161
Healing Slumber,6,,,1,,,,,1,1,M94
Heat,3,,,,1,1,,,,,M74
Hex,11,1,,,,,,,,,M57
Hide,2,1,1,,,,,1,,,M113
Hide Emotion,2,,1,1,,,,,1,,M45
Hide Object,20,1,,,,,,1,,,M86
Hide Path,3,,1,,,,,,1,,M162
Hide Thoughts,3,,1,,1,,,,1,,M46
Hideaway,15,,,1,1,,,,,,M61
Hinder,1,1,,,1,,,,1,,M36
History,4,,,1,,1,,,,,M106
Hold Breath,3,,,1,1,,,1,,,M39
Hold Fast,1,,,,1,,,1,,,M143
Homunculus,15,1,1,,,,,1,,,M70
Hunger,3,,1,,1,1,,,,,M38
Hush,2,,1,,,,,1,1,,M172
Hybrid Control,3,,1,,,,,,1,,M30
Ice Dagger,5,,,1,,,,1,,,M188
Ice Slick,4,,,1,,,,1,,,M186
Ice Sphere,4,,,1,,,,1,,,M186
Icy Breath,12,,,1,,,,1,,,M192
Icy Missiles,4,,,1,,,,1,,,M186
Icy Touch,4,,,1,,,,1,,,M188
Icy Weapon,3,,,1,,,,1,,,M185
Identify Metal,0,,,,,,1,,,,M182
Identify Plant,1,,1,,,,,,1,,M161
Identify Plastic,0,,,,,,1,,,,M182
Identify Spell,1,1,1,1,1,1,1,1,1,1,M102
Ignite Fire,0,,1,,1,1,,,,,M72
Illusion Disguise,1,,,,1,,,,1,,M96
Illusion Shell,1,,,,1,,,,1,,M96
Images of the Past,6,1,1,1,,,,,,,M107
Imitate Voice,2,1,,,,1,,,,,M172
Impression Blocker,12,,,1,,1,,,,,M60
Increase Burden,1,1,,,1,,,1,,,M143
Independence,1,,,,,1,,,1,,M96
Infravision,1,1,,1,,1,,,,,M111
Initiative,9,,,,,1,,,1,,M97
Inscribe,7,1,1,1,1,1,1,1,1,1,M97
Insignificance,8,,1,,,,,,1,,M48
Inspired Creation,0,,,1,1,,,,,,M115
Instant Neutralize Poison,2,,,-1,,,,,,-1,M92
Instant Regeneration,6,,,-1,,,,,,-1,M93
Instant Restoration,5,,,-1,,,,,,-1,M93
Invisibility,6,1,1,1,1,1,1,1,1,1,M114
Invisible Wizard Ear,14,1,,,,1,1,,,,M174
Invisible Wizard Eye,10,,,1,,1,1,,,,M104
Iron Arm,4,,,1,,,,,1,,M169
Irradiate,4,,,,,,1,,,,M181
Itch,0,,1,,1,1,,,,,M35
Jump,1,,,,1,,,1,,,M143
Keen @Sense@,0,1,,,,,,1,,,M133
Keen Hearing,0,1,,,,,,1,,,M133
Keen Touch,0,1,,,,,,1,,,M133
Keen Taste and Smell,0,1,,,,,,1,,,M133
Keen Vision,0,1,,,,,,1,,,M133
Knot,9,,,,1,,,1,,,M117
Know Illusion,1,,,1,,1,,,1,,M97
Know Location,2,,,1,,1,,,,,M103
Know Recipe,4,,1,1,1,,,,,,M78
Know True Shape,9,,1,1,,1,,,,,M106
Leak,16,1,1,,1,,,,,,M61
Lend Energy,0,,,,,,,,,-1,M89
Lend Language,3,,,1,,,,,1,,M46
Lend Power,1,,,,,,-1,,,,M180
Lend Skill,5,,,,,,,,,,M47
Lend Spell,11,,,,,,,,,,M126
Lend Vitality,1,,,,,,,,,,M89
Lengthen Limb,7,,,,,,,,,,M41
Lesser Geas,10,,,,,,,,,,M140
Lesser Wish,11,,,,,,,,,,M58
Levitation,1,,,,,,,,,,M143
Lich,19,,,,,,,,,,M159
Light,0,,,,,,,,,,M110
Light Jet,2,,,,,,,,,,M112
Light Tread,3,,,,,,,,,,M145
Lighten,11,,,,,,,,,,M67
Lighten Burden,1,,,,,,,,,,M143
Lightning,6,,,1,1,,,1,,,M196
Lightning Armor,12,,,1,,,,1,,,M198
Lightning Missiles,8,,,,,,,,,,M198
Lightning Stare,8,,,,,,,,,,M198
Lightning Weapon,7,,,,,,,,,,M198
Lightning Whip,7,,,,,,,,,,M196
Limit,11,,,,,,,,,,M68
Link,16,,,,,,,,,,M131
Lockmaster,1,,,,,,,,,,M144
Locksmith,1,,,,,,,,,,M143
Long March,1,,,,,,,,,,M143
Loyal Sword,11,,,,,,,,,,M63
Loyalty,3,,,,,,,,,,M136
Lure,4,,,,,,,,,,M137
Machine Control,11,,,,,,,,,,M176
Machine Possession,16,,,,,,,,,,M178
Machine Speech,13,,,,,,,,,,M176
Machine Summoning,12,,,,,,,,,,M176
Madness,2,,,,,,,,,,M136
Mage Light,3,,,,,,,,,,M113
Mage Sense,1,,,,,,,,,,M102
Mage Sight,1,,,,,,,,,,M102
Mage-Stealth,3,,,,,,,,,,M172
Magelock,0,,,,,,,,,,M166
Magic Resistance,7,,,,,,,,,,M123
Magnetic Vision,1,,,,,,,,,,M181
Maintain Spell,17,,,,,,,,,,M128
Major Healing,3,,,,,,,,,,M91
Malefice,11,,,,,,,,,,M60
Malfunction,13,,,,,,,,,,M177
Manastone,11,,,,,,,,,,M70
Manipulate,2,,,,,,,,,,M145
Mapmaker,9,,,,,,,,,,M118
Mass Daze,2,,,,,,,,,,M137
Mass Sleep,3,,,,,,,,,,M137
Mass Suggestion,6,,,,,,,,,,M141
Mass Zombie,5,,,,,,,,,,M153
Master,1,,,,,,,,,,M30
Materialize,2,,,,,,,,,,M150
Mature,2,,,,,,,,,,M78
Measurement,0,,,,,,,,,,M100
Melt Ice,4,,,,,,,,,,M186
Memorize,6,,,,,,,,,,M105
Memorize,6,,,,,,,,,,M105
Mental Stun,2,,,,,,,,,,M135
Message,7,,,,,,,,,,M174
Message,7,,,,,,,,,,M174
Metal Vision,3,,,,,,,,,,M183
Might,1,,,,,,,,,,M37
Mind-Reading,3,,,,,,,,,,M46
Mind-Search,4,,,,,,,,,,M46
Mind-Sending,4,,,,,,,,,,M47
Mindlessness,2,,,,,,,,,,M137
Minor Healing,2,,,,,,,,,,M91
Mirror,2,,,,,,,,,,M112
Missile Shield,1,,,,,,,,,,M168
Monk's Banquet,10,,,,,,,,,,M79
Move Terrain,29,,,,,,,,,,M55
Mud Jet,8,,,,,,,,,,M52
Musical Scribe,5,,,,,,,,,,M174
Mystic Mark,9,,,,,,,,,,M119
Mystic Mist,1,,,,,,,,,,M168
Name,11,,,,,,,,,,M68
Nauseate,5,,,,,,,,,,M38
Neutralize Poison,1,,,,,,,,,,M92
Night Vision,1,,,,,,,,,,M111
Nightingale,1,,,,,,,,,,M167
Nightmare,5,,,,,,,,,,M140
No-Smell,1,,,1,,,,1,,,M24
Noise,3,,,,,,,,,,M173
Oath,4,,,,,,,,,,M138
Odor,2,,,,,,,1,1,,M24
One-College Powerstone,11,,,,,,,,,,M70
Pain,2,,,,,,,,,,M36
Panic,1,,,,,,,,,,M134
Paralyze Limb,5,,,,,,,,,,M40
Partial Petrification,4,,,,,,,,,,M52
Partial Shapeshifting,12,,,,,,,,,,M34
Password,11,,,,,,,,,,M68
Pathfinder,2,,,,,,,,,,M105
Peaceful Sleep,5,,,,,,,,,,M138
Penetrating Spell,16,,,,,,,,,,M123
Penetrating Weapon,11,,,,,,,,,,M63
Pentagram,9,,,,,,,,,,M124
Perfect Illusion,3,,,,,,,,,,M96
Perfume,3,,,,,,,,,,M35
Permanent Beast Possession,5,,,,,,,,,,M32
Permanent Forgetfulness,2,,,,,,,,,,M138
Permanent Machine Possession,17,,,,,,,,,,M178
Permanent Madness,3,,,,,,,,,,M139
Permanent Possession,6,,,,,,,,,,M49
Permanent Shapeshifting (@Specialty@),7,,,,,,,,,,M33
Persuasion,2,,,,,,,,,,M45
Pestilence,7,,,,,,,,,,M154
Phantom,7,,,,,,,,,,M97
Phantom Flame,1,,,,,,,,,,M73
Phase,5,,,,,,,,,,M83
Phase Other,6,,,,,,,,,,M83
Planar Summons (@Plane@),10,,,,,,,,,,M82
Planar Visit (@Plane@),7,,,,,,,,,,M82
Plane Shift (@Plane@),11,,,,,,,,,,M83
Plane Shift Other (@Plane@),12,,,,,,,,,,M83
Plant Control,6,,,,,,,,,,M164
Plant Form,6,,,,,,,,,,M164
Plant Form Other,7,,,,,,,,,,M165
Plant Growth,3,,,,,,,,,,M162
Plant Sense,5,,,,,,,,,,M163
Plant Speech,6,,,,,,,,,,M164
Plant Vision,3,,,,,,,,,,M162
Plastic Vision,4,,,,,,,,,,M183
Poison Food,3,,,,,,,,,,M78
Pollen Cloud,3,,,,,,,,,,M162
Poltergeist,1,,,,,,,,,,M144
Possession,5,,,,,,,,,,M49
Power,12,,,,,,,,,,M57
Powerstone,11,,,,,,,,,,M69
Predict Earth Movement,4,,,,,,,,,,M51
Predict Weather,4,,,,1,,,1,1,,M193
Predict Weather,4,,,,,,,,,,M193
Prehistory,6,,,,,,,,,,M106
Prepare Game,3,,,,,,,,,,M78
Presence,8,,,,,,,,,,M48
Preserve Food,2,,,,,,,,,,M79
Preserve Fuel,1,,,,,,,,,,M179
Projection,6,,,,,,,,,,M105
Propel,8,,,,,,,,,,M180
Protect Animal,7,,,,,,,,,,M32
Puissance,15,,,,,,,,,,M65
Pull,4,,,,,,,,,,M146
Purify Air,0,,,1,,,,1,,,M23
Purify Earth,8,,,,,,,,,,M54
Purify Food,2,,,,,,,,,,M78
Purify Fuel,2,,,,,,,,,,M179
Purify Water,1,,,,,,,,,,M184
Quick March,1,,,,,,,,,,M144
Quick-Aim,14,,,,,,,,,,M65
Quick-Draw,11,,,,,,,,,,M63
Radiation Jet,8,,,,,,,,,,M182
Radio Hearing,1,,,,,,,,,,M181
Rain,5,,,1,,,,1,1,,M195
Rain of Acid,7,,,,,,,,,,M191
Rain of Fire,2,,,,,,,,,,M74
Rain of Ice Daggers,12,,,,,,,,,,M192
Rain of Nuts,6,,,,,,,,,,M165
Rain of Stones,4,,,,,,,,,,M53
Rapid Journey,5,,,,,,,,,,M82
Rear Vision,3,,,,,,,,,,M134
Rebuild,22,,,,,,,,,,M177
Recall,9,,,,,,,,,,M106
Reconstruct Spell,7,,,,,,,,,,M106
Recover Energy,1,,,,,,,,,,M89
Reflect,1,,,,,,,,,,M122
Reflect Gaze,3,,,,,,,,,,M168
Reflex,16,,,,,,,,,,M132
Reflexes,5,,,,,,,,,,M39
Regeneration,5,,,,,,,,,,M93
Rejoin,7,,,,,,,,,,M116
Rejuvenate Plant,4,,,,,,,,,,M163
Relieve Addiction,2,,,,,,,,,,M92
Relieve Madness,9,,,,,,,,,,M92
Relieve Paralysis,5,,,,,,,,,,M93
Relieve Sickness,2,,,,,,,,,,M90
Remember Path,7,,,,,,,,,,M107
Remove Aura,14,,,,,,,,,,M127
Remove Contagion,2,,,,,,,,,,M90
Remove Curse,13,,,,,,,,,,M126
Remove Enchantment,11,,,,,,,,,,M58
Remove Reflection,2,,,,,,,,,,M113
Remove Shadow,1,,,,,,,,,,M110
Repair,8,,,,,,,,,,M118
Repel,4,,,,,,,,,,M147
Repel Animal (@Animal@),2,,,,,,,,,,M31
Repel Animal (Bird),2,,,,,,,,,,M31
Repel Animal (Fish),2,,,,,,,,,,M31
Repel Animal (Mammal),2,,,,,,,,,,M31
Repel Animal (Reptile),2,,,,,,,,,,M31
Repel Animal (Vermin),2,,,,,,,,,,M31
Repel Hybrids,4,,,,,,,,,,M31
Repel Spirits,14,,,,,,,,,,M158
Reshape,7,,,,,,,,,,M117
Resist Acid,8,,,,,,,,,,M190
Resist Cold,4,,,,,,,,,,M74
Resist Disease,3,,,,,,,,,,M90
Resist Fire,3,,,,,,,,,,M74
Resist Lightning,6,,,1,1,,,1,,,M196
Resist Pain,3,,,,,,,,,,M38
Resist Poison,3,,,,,,,,,,M91
Resist Poison,3,,,,,,,,,,M91
Resist Pressure,9,,,,,,,,,,M169
Resist Radiation,7,,,,,,,,,,M182
Resist Sound,4,,,,,,,,,,M173
Resist Water,2,,,,,,,,,,M186
Restore Speech,6,,,,,,,,,,M93
Restoration,4,,,,,,,,,,M93
Restore,1,,,,,,,,,,M116
Restore Hearing,4,,,,,,,,,,M92
Restore Mana,14,,,,,,,,,,M127
Restore Memory,3,,,,,,,,,,M92
Restore Sight,4,,,,,,,,,,M92
Resurrection,9,,,,,,,,,,M94
Retch,7,,,,,,,,,,M38
Retrogression,6,,,,,,,,,,M47
Return Missile,3,,,,,,,,,,M168
Reveal Function,1,,,,,,,,,,M176
Reverse Missiles,2,,,,,,,,,,M168
Rider (@Animal@),2,,,,,,,,,,M31
Rider Within,3,,,,,,,,,,M31
Rive,7,,,,,,,,,,M117
Rooted Feet,2,,,,,,,,,,M36
Rotting Death,9,,,,,,,,,,M154
Roundabout,4,,,,,,,,,,M36
Ruin,8,,,,,,,,,,M118
Sanctuary,21,,,,,,,,,,M86
Sand Jet,4,,,,,,,,,,M52
Sandstorm,8,,,,,,,,,,M27
Scents of the Past,8,,,,,,,,,,M107
Schematic,7,,,,,,,,,,M177
Scribe,4,,,,,,,,,,M174
Scroll,0,,,,,,,,,,M57
Scry Gate,12,,,,,,,,,,M85
Scryfool,3,,,,,,,,,,M123
Scryguard,0,,,,,,,,,,M121
Scrywall,1,,,,,,,,,,M122
Season,1,,,,,,,,,,M77
See Invisible,3,,,,,,,,,,M113
See Radiation,0,,,,,,,,,,M181
See Secrets,5,,,,,,,,,,M107
Seek Air,0,,,1,,,,1,,,M23
Seek Coastline,1,,,,,,,,,,M184
Seek Earth,0,,,,,,,,,,M50
Seek Fire,0,,,,,,,,,,M72
Seek Food,0,,,,,,,,,,M77
Seek Fuel,0,,,,,,,,,,M179
Seek Gate,11,,,,,,,,,,M85
Seek Machine,0,,,,,,,,,,M175
Seek Magic,1,,,,,,,,,,M102
Seek Pass,1,,,,,,,,,,M51
Seek Plant,0,,,,,,,,,,M161
Seek Plastic,0,,,,,,,,,,M182
Seek Power,0,,,,,,,,,,M179
Seek Radiation,1,,,,,,,,,,M181
Seek Water,0,,,,,,,,,,M184
Seeker,2,,,,,,,,,,M105
Sense Danger,0,,,,,,,,,,M166
Sense Emotion,1,,,,,,,,,,M45
Sense Foes,0,,,,,,,,,,M44
Sense Life,0,,,,,,,,,,M45
Sense Mana,1,,,,,,,,,,M101
Sense Observation,1,,,,,,,,,,M167
Sense Spirit,1,,,,,,,,,,M149
Sensitize,4,,,,,,,,,,M39
Shade,1,,,,,,,,,,M169
Shape Air,2,,,1,,,,1,,,M24
Shape Darkness,3,,,,,,,,,,M113
Shape Earth,1,,,,,,,,,,M50
Shape Fire,1,,,,,,,,,,M72
Shape Light,1,,,,,,,,,,M111
Shape Metal,2,,,,,,,,,,M182
Shape Plant,2,,,,,,,,,,M161
Shape Plastic,3,,,,,,,,,,M183
Shape Water,3,,,,,,,,,,M185
Shapeshift Others,7,,,,,,,,,,M33
Shapeshifting (@Specialty@),6,,,,,,,,,,M32
Share Energy,1,,,,,,,,,,M89
Share Vitality,2,,,,,,,,,,M90
Sharpen,9,,,,,,,,,,M118
Shatter,6,,,,,,,,,,M116
Shatterproof,10,,,,,,,,,,M118
Shield,0,,,,,,,,,,M167
Shocking Touch,7,,,,,,,,,,M196
Shrink,11,,,,,,,,,,M42
Shrink Object,16,,,,,,,,,,M120
Shrink Other,12,,,,,,,,,,M42
Sickness,5,,,,,,,,,,M138
Silence,1,,,,,,,,,,M171
Silver Tongue,6,,,,,,,,,,M174
Simple Illusion,0,,,,,,,,,,M95
Simulacrum,18,,,,,,,,,,M61
Skull-Spirit,4,,,,,,,,,,M151
Sleep,2,,,,,,,,,,M135
Slide,3,,,,,,,,,,M145
Slow,2,,,,,,,,,,M145
Slow Fall,1,,,,,,,,,,M144
Slow Fire,2,,,,,,,,,,M73
Slow Healing,6,,,,,,,,,,M153
Slow Time,20,,,,,,,,,,M86
Small Vision,1,,,,,,,,,,M111
Smoke,3,,,,,,,,,,M73
Snow,7,,,,,,,,,,M195
Snow Jet,6,,,,,,,,,,M189
Snow Shoes,4,,,,,,,,,,M186
Soilproof,3,,,,,,,,,,M116
Solidify,3,,,,,,,,,,M151
Soul Jar,9,,,,,,,,,,M154
Soul Rider,4,,,,,,,,,,M49
Soul Stone,19,,,,,,,,,,M71
Sound,0,,,,,,,,,,M171
Sound Jet,4,,,,,,,,,,M173
Sound Vision,0,,,,,,,,,,M171
Spark Cloud,7,,,,,,,,,,M196
Spark Storm,7,,,,,,,,,,M197
Spasm,1,,,,,,,,,,M35
Spectrum Vision,2,,,,,,,,,,M181
Speed,11,,,,,,,,,,M57
Speed Spell Arrow,18,,,,,,,,,,M66
Spell Arrow,17,,,,,,,,,,M65
Spell Shield,8,,,,,,,,,,M124
Spell Stone,16,,,,,,,,,,M60
Spell Wall,9,,,,,,,,,,M124
Spellguard,14,,,,,,,,,,M127
Spider Silk,2,,,,,,,,,,M32
Spit Acid,12,,,,,,,,,,M192
Staff,11,,,,,,,,,,M70
Steal Beauty,15,,,,,,,,,,M159
Steal Dexterity,6,,,,,,,,,,M158
Steal Energy,3,,,,,,,,,,M150
Steal Might,4,,,,,,,,,,M158
Steal Power,5,,,,,,,,,,M180
Steal Skill,9,,,,,,,,,,M158
Steal Spell,13,,,,,,,,,,M127
Steal Vigor,5,,,,,,,,,,M158
Steal Vitality,4,,,,,,,,,,M150
Steal Wisdom,4,,,,,,,,,,M158
Steal Youth,13,,,,,,,,,,M158
Steam Jet,10,,,,,,,,,,M191
Steelwraith,5,,,,,,,,,,M54
Stench,1,,,,1,,,1,,,M24
Stiffen,8,,,,,,,,,,M117
Stone Missile,4,,,,,,,,,,M52
Stone to Earth,3,,,,,,,,,,M51
Stone to Flesh,5,,,,,,,,,,M53
Stop Bleeding,2,,,,,,,,,,M91
Stop Healing,7,,,,,,,,,,M153
Stop Paralysis,4,,,,,,,,,,M93
Stop Power,1,,,,,,,,,,M179
Stop Spasm,2,,,,,,,,,,M35
Storm,10,,,,1,,,1,,,M195
Strengthen Will,6,,,,,,,,,,M136
Strike Barren,7,,,,,,,,,,M41
Strike Blind,4,,,,,,,,,,M38
Strike Deaf,4,,,,,,,,,,M38
Strike Dumb,2,,,,,,,,,,M38
Strike Numb,4,,,,,,,,,,M40
Stun,3,,,,,,,,,,M37
Suggestion,5,,,,,,,,,,M140
Summon Air Elemental,8,,,,,,,,,,M27
Summon Demon,10,,,,,,,,,,M155
Summon Earth Elemental,8,,,,,,,,,,M27
Summon Fire Elemental,8,,,,,,,,,,M27
Summon Shade,2,,,,,,,,,,M102
Summon Spirit,1,,,,,,,,,,M150
Summon Water Elemental,8,,,,,,,,,,M27
Sunbolt,6,,,,,,,,,,M114
Sunlight,4,,,,,,,,,,M114
Suspend Curse,12,,,,,,,,,,M125
Suspend Enchantment,11,,,,,,,,,,M58
Suspend Magery,20,,,,,,,,,,M130
Suspend Magic,9,,,,,,,,,,M123
Suspend Mana,11,,,,,,,,,,M125
Suspend Spell,0,,,,,,,,,,M121
Suspend Time,21,,,,,,,,,,M86
Suspended Animation,7,,,,,,,,,,M94
Swim,6,,,,,,,,,,M147
Tangle Growth,4,,,,,,,,,,M162
Tanglefoot,2,,,,,,,,,,M36
Telecast,12,,,,,,,,,,M128
Telepathy,5,,,,,,,,,,M47
Teleport,4,,,,,,,,,,M147
Teleport,4,,,,,,,,,,M147
Teleport Other,5,,,,,,,,,,M147
Teleport Shield,7,,,,,,,,,,M170
Tell Position,1,,,,,,,,,,M101
Tell Time,0,,,,,,,,,,M100
Temporary Enchantment,11,,,,,,,,,,M56
Terror,1,,,,,,,,,,M134
Test Food,0,,,,,,,,,,M77
Test Fuel,0,,,,,,,,,,M179
Test Load,1,,,,,,,,,,M101
Thirst,5,,,,,,,,,,M38
Throw Spell,16,,,,,,,,,,M128
Thunderclap,1,,,,,,,,,,M171
Tickle,2,,,,,,,,,,M36
Tide,8,,,,,,,,,,M194
Tide,8,,,,,,,,,,M194
Time Out,21,,,,,,,,,,M87
Timeport,5,,,,,,,,,,M81
Timeport Other,6,,,,,,,,,,M81
Timeslip,6,,,,,,,,,,M81
Timeslip Other,7,,,,,,,,,,M81
Total Paralysis,6,,,,,,,,,,M40
Touch,0,,,,,,,,,,M35
Toughen,11,,,,,,,,,,M119
Trace,3,,,,,,,,,,M106
Trace Teleport,5,,,,,,,,,,M84
Transform Object,14,,,,,,,,,,M120
Transform Body (@Race@),13,,,,,,,,,,M43
Transform Other (@Race@),15,,,,,,,,,,M43
Transmogrification,32,,,,,,,,,,M43
Transparency,9,,,,,,,,,,M119
Truthsayer,2,,,,,,,,,,M45
Turn Blade,1,,,,,,,,,,M167
Turn Spirit,3,,,,,,,,,,M151
Turn Zombie,5,,,,,,,,,,M152
Umbrella,1,,,,,,,,,,M185
Undo,2,,,,,,,,,,M145
Utter Dome,14,,,,,,,,,,M170
Utter Wall,16,,,,,,,,,,M170
Vexation,2,,,,,,,,,,M45
Vigil,4,,,,,,,,,,M138
Vigor,2,,,,,,,,,,M37
Voices,1,,,,,,,,,,M172
Volcano,13,,,,,,,,,,M54
Walk on Air,3,,,1,,,,1,,,M25
Walk on Water,4,,,,,,,,,,M186
Walk Through Earth,4,,,,,,,,,,M52
Walk Through Plants,5,,,,,,,,,,M163
Walk Through Water,4,,,,,,,,,,M188
Walk Through Wood,6,,,,,,,,,,M164
Wall of Light,2,,,,,,,,,,M113
Wall of Lightning,7,,,,,,,,,,M197
Wall of Lightning,7,,,,,,,,,,M197
Wall of Silence,2,,,,,,,,,,M172
Wall of Wind,3,,,1,,,,1,,,M25
Wallwalker,1,,,,,,,,,,M144
Ward,0,,,,,,,,,,M122
Warm,8,,,,,,,,,,M195
Warmth,4,,,,,,,,,,M74
Watchdog,1,,,,,,,,,,M167
Water Jet,4,,,,,,,,,,M187
Water to Wine,5,,,,,,,,,,M79
Water Vision,4,,,,,,,,,,M187
Waves,4,,,,,,,,,,M194
Weaken,5,,,,,,,,,,M116
Weaken Blood,5,,,,,,,,,,M40
Weaken Will,1,,,,,,,,,,M136
Weapon Self,12,,,,,,,,,,M119
Weapon Spirit,12,,,,,,,,,,M64
Weather Dome,8,,,,,,,,,,M169
Whirlpool,4,,,,,,,,,,M187
Will Lock,4,,,,,,,,,,M138
Wind,4,,,1,,,,1,1,,M195
Windstorm,3,,,1,,,,1,1,,M25
Winged Knife,2,,,,,,,,,,M145
Wisdom,6,,,,,,,,,,M135
Wish,17,,,,,,,,,,M61
Wither Limb,6,,,,,,,,,,M40
Wither Plant,5,,,,,,,,,,M163
Wizard Ear,6,,,,,,,,,,M174
Wizard Eye,2,,,,,,,,,,M104
Wizard Hand,4,,,,,,,,,,M104
Wizard Mouth,7,,,,,,,,,,M104
Wizard Nose,3,,,,,,,,,,M104
Wraith,24,,,,,,,,,,M160
Youth,9,,,,,,,,,,M94
Zombie,4,,,,,,,,,,M151
Zombie Summoning,5,,,,,,,,,,M152
